User_ID,Topological_Score,User_Feature_Score,Website_Impressions,Total_Score,Normalized_Score
User_1,65.0,65.0,712.4264750742075,107.0,1.365979043435992
User_2,43.0,71.0,109.64943978843552,54.0,-1.2754750553071252
User_3,45.0,59.0,551.114683108126,91.0,0.5381366788354504
User_4,50.0,76.0,261.1011982566228,69.0,-0.5570112905743673
User_5,44.0,72.0,614.1570633052124,97.0,0.8630529463052226
User_6,37.0,84.0,772.5326310783363,111.0,1.546653460623414
User_7,52.0,63.0,109.47566943494671,55.0,-1.268262476859265
User_8,49.0,75.0,30.513677436500007,49.0,-1.545950158869008
User_9,45.0,87.0,719.3322901059628,108.0,1.391997739425395
User_10,49.0,69.0,904.5961778177294,122.0,2.111339226963394
User_11,56.0,91.0,422.96745298048785,85.0,0.22748633396563117
User_12,46.0,69.0,297.5799385043332,71.0,-0.47139867596394663
User_13,38.0,80.0,213.00896989977133,63.0,-0.8291519534740105
User_14,37.0,84.0,211.9927289990874,64.0,-0.8126373079559752
User_15,49.0,83.0,486.4677869470567,88.0,0.4130298196888662
User_16,44.0,77.0,332.92774514258895,74.0,-0.2935205725731341
User_17,49.0,73.0,804.8823427193224,114.0,1.7157062299694845
User_18,41.0,64.0,435.7025549403256,81.0,0.058099001182147426
User_19,43.0,92.0,291.3857373854272,72.0,-0.3882899979190128
User_20,50.0,57.0,695.9671997522256,104.0,1.1846729037295525
User_21,62.0,86.0,653.2479428578993,104.0,1.210699016655033
User_22,63.0,93.0,245.13188987090368,71.0,-0.46436370469105487
User_23,50.0,77.0,574.5238251650057,95.0,0.7686564005706732
User_24,65.0,91.0,511.9867908991774,93.0,0.6706958857057723
User_25,55.0,95.0,424.5571354764652,85.0,0.2530180448338328
User_26,41.0,68.0,590.6366122291186,95.0,0.7296285525165769
User_27,42.0,94.0,201.86991507794318,65.0,-0.769278914424027
User_28,37.0,93.0,528.7345666521542,92.0,0.5838212178758806
User_29,45.0,91.0,504.8103182607569,90.0,0.5053452775579351
User_30,47.0,76.0,792.2752495301155,113.0,1.655508255089017
User_31,51.0,79.0,507.5876025060958,90.0,0.4960417215260495
User_32,46.0,76.0,247.06532230312638,67.0,-0.6538935645072754
User_33,46.0,106.0,277.52357510373315,73.0,-0.36495499500088174
User_34,39.0,92.0,465.5652961145588,86.0,0.3089567827518988
User_35,44.0,61.0,626.166520536883,97.0,0.860374083908527
User_36,44.0,50.0,510.15445302744234,87.0,0.32589992588280037
User_37,36.0,58.0,286.960047041477,67.0,-0.6336039649003393
User_38,37.0,58.0,420.26487792064023,79.0,-0.05736453560488073
User_39,67.0,96.0,728.2819255370149,112.0,1.609938879535278
User_40,38.0,42.0,196.79341813737042,58.0,-1.0959661114494947
User_41,47.0,93.0,752.9696460478514,112.0,1.593072004906914
User_42,53.0,88.0,737.107586892251,111.0,1.5345650195503338
User_43,43.0,82.0,413.0188921519555,81.0,0.0658049791000757
User_44,56.0,89.0,256.82508206006236,71.0,-0.47012645870850633
User_45,53.0,87.0,467.3574435820775,88.0,0.38992449404883966
User_46,61.0,76.0,376.08592917320635,80.0,-0.004161892796043327
User_47,56.0,74.0,577.375288663603,96.0,0.7995801596547532
User_48,45.0,70.0,682.2328890567063,103.0,1.1462887195511857
User_49,62.0,47.0,680.4655374437358,103.0,1.130581751646066
User_50,59.0,84.0,177.4526242560077,64.0,-0.8237622729235047
User_51,46.0,70.0,22.90148210362993,47.0,-1.6321114903113247
User_52,43.0,77.0,853.8977864728495,118.0,1.9122641610523052
User_53,56.0,93.0,412.5597792582319,84.0,0.190333056305791
User_54,51.0,45.0,364.6246945899,74.0,-0.28597893781723127
User_55,57.0,91.0,37.27250002901209,52.0,-1.3916124817747648
User_56,65.0,93.0,277.8568309310479,74.0,-0.3104934811209503
User_57,62.0,63.0,163.73583830115894,61.0,-0.9739243713555168
User_58,55.0,78.0,225.8774887020553,67.0,-0.6662137429622116
User_59,33.0,53.0,210.42223147630807,60.0,-1.0032659100443024
User_60,58.0,92.0,365.80118785596164,80.0,0.012544796884823949
User_61,62.0,67.0,619.7268193515533,100.0,0.9859775857424556
User_62,60.0,39.0,450.0188639857582,82.0,0.10042053958722738
User_63,52.0,68.0,240.53392669679855,67.0,-0.6723341175043537
User_64,48.0,59.0,413.08232419656173,79.0,-0.03328961575946948
User_65,62.0,105.0,184.22804919526752,67.0,-0.6680378828985716
User_66,60.0,70.0,741.3505819271587,110.0,1.4885825564174382
User_67,41.0,56.0,669.7371800910413,100.0,1.0040866648058506
User_68,68.0,95.0,152.36819997156516,64.0,-0.8130410631764821
User_69,33.0,98.0,283.4335104403225,71.0,-0.46649119818414686
User_70,55.0,76.0,112.53241863199442,57.0,-1.1662022257746016
User_71,49.0,99.0,469.0806192228034,89.0,0.42879091620020154
User_72,49.0,55.0,620.026488064686,97.0,0.8350232245924862
User_73,39.0,50.0,678.4339972782444,100.0,1.0013818028770782
User_74,46.0,78.0,203.6082027079378,64.0,-0.8144823879131288
User_75,57.0,75.0,626.3133552561518,100.0,1.0035281779905625
User_76,45.0,100.0,213.01573438705796,66.0,-0.6781686938741189
User_77,65.0,92.0,170.84319013553537,65.0,-0.7725631136541937
User_78,60.0,79.0,102.88945007403532,57.0,-1.156691467129748
User_79,63.0,93.0,659.9191451636399,106.0,1.28260116677384
User_80,32.0,53.0,578.3111568761964,91.0,0.5576788091648587
User_81,59.0,87.0,210.6488893038502,67.0,-0.6698807981966944
User_82,63.0,98.0,224.57839050088126,69.0,-0.5353425665517638
User_83,56.0,70.0,514.9949987176213,90.0,0.5003289281515068
User_84,52.0,67.0,293.68533473420325,71.0,-0.46202862838562847
User_85,41.0,50.0,537.4128013305902,88.0,0.4175156581407051
User_86,41.0,75.0,628.8550548697079,98.0,0.923412532916098
User_87,46.0,74.0,14.699247277198003,47.0,-1.6473981079870312
User_88,56.0,54.0,182.7877673899879,61.0,-0.9710682363019322
User_89,57.0,56.0,563.7089195963897,93.0,0.6454232724802045
User_90,57.0,75.0,662.0335983525378,103.0,1.1629909820095174
User_91,58.0,82.0,84.56468262999354,55.0,-1.2259016398885123
User_92,66.0,77.0,434.6175276752064,85.0,0.26315542678923776
User_93,54.0,72.0,135.3775213969311,58.0,-1.0890659786105055
User_94,67.0,93.0,234.57023285027657,70.0,-0.494415403245956
User_95,54.0,76.0,178.1548151485768,62.0,-0.8866597112528928
User_96,63.0,79.0,561.6867440050048,96.0,0.8016404196972894
User_97,44.0,75.0,370.9841796580871,77.0,-0.13693019830622039
User_98,63.0,82.0,551.0574107911197,95.0,0.7646760250582857
User_99,64.0,57.0,148.75012350540283,59.0,-1.0529886326427167
User_100,38.0,67.0,449.2859775766435,82.0,0.11315388451313954
User_101,52.0,61.0,218.76377081077132,64.0,-0.8126034018563834
User_102,51.0,74.0,511.2253770271162,90.0,0.48338337044404944
User_103,59.0,85.0,716.0611548518136,109.0,1.4658783919538296
User_104,47.0,82.0,168.9193638471479,61.0,-0.9343519673384243
User_105,38.0,63.0,513.9685732001783,87.0,0.3554050498783212
User_106,32.0,73.0,471.062719108329,84.0,0.18874192095926853
User_107,53.0,85.0,432.4792424194355,85.0,0.23218596129689512
User_108,68.0,42.0,648.7721104693295,100.0,0.9977097094403022
User_109,33.0,47.0,113.49687679331133,51.0,-1.4331157951657538
User_110,62.0,81.0,465.20699125216225,88.0,0.3971947564818051
User_111,41.0,74.0,559.072696592048,93.0,0.6378198144222205
User_112,52.0,68.0,618.4436982715235,98.0,0.9095099337869887
User_113,37.0,58.0,209.4947370835713,61.0,-0.9622076887698866
User_114,46.0,72.0,118.52887289395868,56.0,-1.2059155884947557
User_115,59.0,98.0,230.54755067691067,70.0,-0.5203096920984361
User_116,52.0,72.0,466.37443108318513,86.0,0.29939764857501194
User_117,67.0,52.0,388.2226871510872,79.0,-0.05658961440910957
User_118,32.0,76.0,487.8166729383236,86.0,0.27632450631139627
User_119,66.0,48.0,342.8536161602875,74.0,-0.2790697713403072
User_120,43.0,80.0,777.649564917184,112.0,1.6075010763178241
User_121,40.0,48.0,494.36635429649283,84.0,0.21021763624629752
User_122,45.0,55.0,311.37080166740554,70.0,-0.505177699727043
User_123,66.0,86.0,691.5097950623422,108.0,1.3970885254464462
User_124,48.0,62.0,308.95415509155595,71.0,-0.45180255461356444
User_125,34.0,54.0,825.6180313178177,112.0,1.6225702738365122
User_126,41.0,72.0,226.3632510025295,64.0,-0.7921744510255929
User_127,60.0,73.0,373.231407037425,79.0,-0.05299367990010508
User_128,60.0,46.0,502.33351493512066,87.0,0.3554542670692255
User_129,61.0,76.0,207.48998795551086,65.0,-0.7312227676467109
User_130,37.0,61.0,473.2662720077417,83.0,0.16489419306743036
User_131,60.0,70.0,498.2707608897765,89.0,0.45568696626913274
User_132,64.0,74.0,534.5637171632609,93.0,0.6667598230176254
User_133,48.0,81.0,364.217690804934,78.0,-0.1234256583054238
User_134,39.0,83.0,102.36280642834356,55.0,-1.2691660132142648
User_135,43.0,81.0,524.1948741152517,91.0,0.5285461452953021
User_136,56.0,37.0,408.46638045216247,78.0,-0.10537213569772864
User_137,50.0,90.0,34.63147204569776,51.0,-1.45058728681767
User_138,38.0,59.0,100.39157163257414,52.0,-1.4018977546715432
User_139,35.0,80.0,217.6352564187007,64.0,-0.8176581261827863
User_140,40.0,85.0,305.1462865098598,72.0,-0.38651849646095265
User_141,48.0,65.0,538.1279096571387,91.0,0.52857661601466
User_142,52.0,51.0,590.3121731294094,94.0,0.715324556296954
User_143,64.0,91.0,397.11690473099145,83.0,0.16170292081183574
User_144,64.0,50.0,256.752281592155,67.0,-0.6406990174212563
User_145,39.0,83.0,328.1336634475473,74.0,-0.30868265871364614
User_146,61.0,49.0,638.2762676873223,99.0,0.9542305007472934
User_147,57.0,76.0,184.72390196415066,63.0,-0.8413315728628351
User_148,51.0,79.0,317.22153349386616,74.0,-0.31126233093335576
User_149,59.0,82.0,199.5850199103345,65.0,-0.7314517687071714
User_150,66.0,80.0,378.15556269140797,81.0,0.052113668989854
User_151,36.0,75.0,461.5711168490838,84.0,0.20603909846113944
User_152,36.0,83.0,401.90299101886353,80.0,-0.009981067631044012
User_153,34.0,79.0,372.65926845841017,77.0,-0.16498103833571526
User_154,36.0,61.0,43.671421116778475,47.0,-1.6449643715055855
User_155,68.0,96.0,503.28623028425557,93.0,0.6641983830538957
User_156,48.0,85.0,654.36453345743,102.0,1.1227447565892406
User_157,68.0,94.0,105.0655293566958,60.0,-1.0200356320433912
User_158,40.0,68.0,380.7791994033008,77.0,-0.15427288560756855
User_159,56.0,89.0,458.8520158730329,88.0,0.37693266560254785
User_160,47.0,64.0,609.9801850393935,97.0,0.8387986606380279
User_161,66.0,90.0,133.98293578182333,61.0,-0.926644779443238
User_162,63.0,94.0,521.4149109565533,94.0,0.6956275557679453
User_163,58.0,108.0,523.247355325193,95.0,0.749576037628952
User_164,45.0,41.0,50.22119884000407,47.0,-1.670370377954831
User_165,43.0,77.0,178.45408376015678,61.0,-0.9615848930028267
User_166,51.0,78.0,125.3943966738911,58.0,-1.1220508537584482
User_167,34.0,77.0,739.2128769524446,108.0,1.375846969290914
User_168,54.0,95.0,852.6643206348637,121.0,2.063594821260103
User_169,55.0,84.0,139.2386070200642,60.0,-1.0117732791412244
User_170,60.0,67.0,782.2207830286114,113.0,1.6379253433239078
User_171,42.0,75.0,670.8880708233747,102.0,1.1096096250033671
User_172,63.0,88.0,327.5153354421837,77.0,-0.14165858547730048
User_173,50.0,85.0,151.74610772640202,60.0,-0.9832607314448478
User_174,38.0,83.0,517.8468236624626,89.0,0.4732086209582709
User_175,36.0,55.0,466.9290738282683,82.0,0.11015395770664446
User_176,41.0,90.0,593.133459130293,97.0,0.8526809482417979
User_177,59.0,90.0,583.1297076479487,99.0,0.932818824085073
User_178,56.0,71.0,779.3551420025084,113.0,1.629106166617821
User_179,42.0,85.0,318.3732328731718,73.0,-0.33340166726332027
User_180,60.0,85.0,229.57451871552462,68.0,-0.6039273799857858
User_181,34.0,49.0,67.24061789405496,47.0,-1.627693581422457
User_182,50.0,84.0,567.8641380513254,96.0,0.7802338078606044
User_183,55.0,87.0,462.5141364494108,88.0,0.37612789983387246
User_184,40.0,71.0,124.5835510357524,55.0,-1.229445396095559
User_185,33.0,73.0,351.7583483034108,74.0,-0.294949817119579
User_186,51.0,75.0,418.9503500766004,82.0,0.0990252759500424
User_187,58.0,78.0,264.4850162628446,70.0,-0.4933410958539373
User_188,41.0,94.0,349.5385824611351,77.0,-0.1625497535746491
User_189,62.0,84.0,106.18242814773643,58.0,-1.1092743737177457
User_190,38.0,101.0,349.13723468319057,77.0,-0.13066784325719855
User_191,41.0,86.0,377.56679839263404,79.0,-0.0659787720054531
User_192,62.0,82.0,560.4279302588465,96.0,0.809306740161129
User_193,52.0,78.0,264.3275430051126,69.0,-0.5379345763159645
User_194,36.0,73.0,381.2391948417165,77.0,-0.15916442011553672
User_195,39.0,68.0,305.99138593601975,71.0,-0.4700314698164598
User_196,56.0,95.0,295.03342111622436,74.0,-0.2998515461296242
User_197,50.0,63.0,582.4835482021866,94.0,0.7187696333914579
User_198,45.0,67.0,607.9673305550049,96.0,0.8123935893959747
User_199,61.0,83.0,854.6070431597985,121.0,2.0412345749092626
User_200,39.0,85.0,431.2156098267558,83.0,0.12899711590576177
User_201,37.0,60.0,340.5107198892899,72.0,-0.3957976540725547
User_202,64.0,83.0,97.78652998982535,57.0,-1.1345019517866763
User_203,49.0,100.0,411.4939402276747,84.0,0.20078913900069092
User_204,47.0,69.0,325.8105538099482,73.0,-0.3558226753772817
User_205,37.0,70.0,520.0540004491958,88.0,0.4152038840693153
User_206,56.0,43.0,148.2577223329751,56.0,-1.1751412551860965
User_207,65.0,80.0,88.02991058314424,56.0,-1.187151261068774
User_208,42.0,75.0,921.5025840020772,123.0,2.173097785100103
User_209,50.0,62.0,616.1917455119186,97.0,0.8682402854861542
User_210,34.0,48.0,207.8209525822526,59.0,-1.0419515418625414
User_211,42.0,55.0,397.75634928918515,77.0,-0.1393352860951173
User_212,45.0,99.0,95.46312529296634,56.0,-1.176197487772297
User_213,61.0,63.0,580.4175103335147,96.0,0.7760809330543547
User_214,63.0,88.0,355.52735530255535,80.0,-0.017288675165630138
User_215,56.0,99.0,654.4917540769474,105.0,1.2540020494862085
User_216,52.0,52.0,225.45520716131563,63.0,-0.8409770748692895
User_217,34.0,62.0,443.1591012154069,80.0,0.021444107158785797
User_218,62.0,98.0,44.15702470091343,54.0,-1.3060149594714694
User_219,57.0,77.0,57.81722628854645,52.0,-1.3767480033254371
User_220,62.0,67.0,114.7242369460016,57.0,-1.1678420987413447
User_221,52.0,96.0,545.1557796974366,95.0,0.7443331866030777
User_222,42.0,51.0,400.0330325002802,77.0,-0.1666588927582647
User_223,62.0,100.0,42.72460444603284,54.0,-1.2845519040818973
User_224,55.0,56.0,23.247792713037136,47.0,-1.6394346630399776
User_225,36.0,46.0,776.7497145710764,108.0,1.3789506861468743
User_226,48.0,57.0,290.56182258333433,69.0,-0.5600230512038423
User_227,48.0,70.0,496.8453150872866,88.0,0.39549773472555916
User_228,43.0,64.0,539.8008292052333,90.0,0.514073259378782
User_229,62.0,62.0,707.3176284175049,107.0,1.3309027006285075
User_230,53.0,83.0,262.5524065999546,70.0,-0.5065360412075274
User_231,57.0,70.0,716.5593652987521,107.0,1.3674418377408215
User_232,66.0,93.0,733.2464577880477,112.0,1.6233489802218122
User_233,62.0,82.0,23.852927453592034,50.0,-1.4771729834132978
User_234,42.0,75.0,319.2066129340723,73.0,-0.3744007194827893
User_235,61.0,75.0,98.54720482982692,56.0,-1.1839406301895536
User_236,65.0,77.0,782.4691923337812,115.0,1.743458016395926
User_237,49.0,69.0,490.8671696611211,88.0,0.37574845500059434
User_238,60.0,92.0,228.54563553284984,69.0,-0.5567245058670012
User_239,58.0,79.0,319.70761098320753,75.0,-0.25871862714672084
User_240,50.0,93.0,376.51127983980376,80.0,-0.00025897462984279714
User_241,61.0,73.0,734.7557880398145,110.0,1.485265414486626
User_242,39.0,73.0,65.11694499862406,50.0,-1.477021780830498
User_243,38.0,71.0,208.48345639179598,62.0,-0.8940786682343631
User_244,62.0,82.0,463.5892982110114,88.0,0.3887307983956654
User_245,62.0,110.0,215.78287113288349,70.0,-0.504574753383506
User_246,56.0,67.0,220.24207985025242,65.0,-0.7432092706995246
User_247,48.0,72.0,37.63463797579141,49.0,-1.5300583297923156
User_248,64.0,96.0,99.7283891037881,59.0,-1.0527297150898718
User_249,41.0,71.0,670.3513925640477,102.0,1.091673974767718
User_250,56.0,54.0,619.8668142179467,98.0,0.8796924985677833
User_251,62.0,72.0,406.48355631846005,82.0,0.11077025481772056
User_252,53.0,69.0,155.13017327267056,59.0,-1.0313322256157946
User_253,61.0,64.0,100.46525682780944,55.0,-1.2313863165246648
User_254,53.0,112.0,455.9923306467786,90.0,0.47778080201120654
User_255,44.0,74.0,348.0132716242143,75.0,-0.23521170862877278
User_256,58.0,81.0,869.0773766741077,122.0,2.0793404015401573
User_257,36.0,48.0,235.55265837965771,62.0,-0.9136031857253247
User_258,43.0,64.0,37.92333127089455,48.0,-1.6198880557062423
User_259,42.0,54.0,353.64142494418377,73.0,-0.34703411024139325
User_260,51.0,65.0,429.79361996161265,82.0,0.08959610915511487
User_261,41.0,67.0,256.6372964895749,66.0,-0.6879936864926977
User_262,62.0,74.0,188.82551652669855,64.0,-0.8118850534693481
User_263,32.0,72.0,288.103665011136,68.0,-0.5776092168015317
User_264,55.0,87.0,470.2878562217877,88.0,0.408215415609856
User_265,43.0,65.0,279.09007503740685,68.0,-0.5953273786879621
User_266,66.0,61.0,651.5261835559643,102.0,1.1083149036534197
User_267,52.0,50.0,607.2629038710197,96.0,0.7799085542123944
User_268,68.0,71.0,321.75551643088863,75.0,-0.22705166325416107
User_269,61.0,90.0,399.6814776543115,83.0,0.1643407736427322
User_270,43.0,67.0,268.3014902864731,67.0,-0.6273826648679578
User_271,62.0,31.0,912.9555167508523,120.0,2.01949526030365
User_272,56.0,58.0,118.76405604061539,55.0,-1.2291171401339727
User_273,58.0,101.0,587.514903293539,100.0,0.9832550212019251
User_274,51.0,91.0,236.11620710152994,68.0,-0.5845649744969741
User_275,64.0,57.0,780.14935939239,112.0,1.614734409702761
User_276,57.0,95.0,594.6570900851266,100.0,0.9818503783673321
User_277,67.0,44.0,468.11592335746354,85.0,0.23852942770578786
User_278,37.0,83.0,195.60440925592746,62.0,-0.8846146159838711
User_279,47.0,115.0,403.49606878493006,84.0,0.2221215371079003
User_280,55.0,79.0,214.65422168030187,66.0,-0.7157356595744563
User_281,39.0,77.0,442.51494865732303,83.0,0.1340400409493861
User_282,39.0,71.0,190.93376464383616,61.0,-0.9658245289454942
User_283,61.0,56.0,530.1704041600051,90.0,0.5238602626844584
User_284,53.0,71.0,94.19801811711481,54.0,-1.2914638104990992
User_285,57.0,73.0,728.8752452244541,109.0,1.4429853715691807
User_286,50.0,84.0,149.0967583607409,60.0,-1.0046423955044808
User_287,43.0,74.0,550.9454510040895,92.0,0.6104786433553093
User_288,54.0,74.0,430.7979055776919,83.0,0.1695127740572247
User_289,58.0,78.0,808.403394151865,116.0,1.7975815949563294
User_290,53.0,85.0,493.72176000386503,90.0,0.4830734899735108
User_291,46.0,64.0,496.00373106545794,87.0,0.3482195887874627
User_292,33.0,80.0,24.27701541624975,47.0,-1.6424636067715956
User_293,48.0,94.0,956.0196237321026,129.0,2.4563780577052943
User_294,54.0,94.0,535.5354997249166,94.0,0.721254740093354
User_295,56.0,91.0,551.1263428763029,96.0,0.7805390322267202
User_296,35.0,68.0,615.1051647476924,96.0,0.7983757537947039
User_297,53.0,71.0,486.67792158377074,88.0,0.3850974540062701
User_298,43.0,75.0,572.2619250407369,94.0,0.7053265531080112
User_299,41.0,60.0,486.83924959996574,85.0,0.2526824796916676
User_300,46.0,64.0,552.257114984416,92.0,0.5917526822536179
User_301,42.0,75.0,139.4344689247087,58.0,-1.1232098709854035
User_302,40.0,59.0,710.3352790053948,104.0,1.1774892828242534
User_303,33.0,44.0,57.70373429888352,46.0,-1.7034183786992267
User_304,48.0,77.0,479.79782473396597,87.0,0.35924592026150703
User_305,52.0,54.0,515.2449099237951,88.0,0.4064373019162143
User_306,47.0,75.0,539.0740966137116,92.0,0.5921024590924525
User_307,42.0,71.0,252.91642150526647,67.0,-0.6654927369777578
User_308,65.0,64.0,868.311670744339,121.0,2.0368330011191755
User_309,54.0,57.0,135.6308994147242,57.0,-1.173172049913619
User_310,40.0,87.0,745.5448687024342,109.0,1.4723529070631767
User_311,57.0,73.0,378.5287252706501,79.0,-0.040649895559504094
User_312,55.0,77.0,909.9246226930023,124.0,2.2202359715094135
User_313,39.0,70.0,460.69184300750595,84.0,0.18285881221685713
User_314,39.0,52.0,280.09841138686323,66.0,-0.676302552881895
User_315,54.0,54.0,73.30441208312855,51.0,-1.4479888194681851
User_316,41.0,67.0,251.63050969821546,66.0,-0.7116648121097681
User_317,55.0,80.0,587.6468450816335,97.0,0.8615272983705983
User_318,35.0,95.0,749.4699713119096,110.0,1.5083794457940436
User_319,64.0,63.0,335.5193830035554,75.0,-0.23935774962862094
User_320,42.0,79.0,185.67388838556982,62.0,-0.9222619885064222
User_321,55.0,81.0,761.249237785889,112.0,1.6046089141360906
User_322,41.0,90.0,474.1786586173385,87.0,0.3571445988957945
User_323,49.0,88.0,36.95660483479331,51.0,-1.4672619129161866
User_324,50.0,88.0,89.85747248983499,56.0,-1.220044683905039
User_325,58.0,105.0,297.01189442956843,76.0,-0.2130873075098788
User_326,66.0,72.0,581.4610879057354,97.0,0.8647994641864641
User_327,57.0,57.0,281.3313558458462,69.0,-0.5344534222692313
User_328,53.0,56.0,490.3790851228391,86.0,0.3164211222677264
User_329,35.0,71.0,804.906656746839,112.0,1.6187183426452338
User_330,43.0,68.0,538.8150819585279,91.0,0.5349315158590318
User_331,56.0,43.0,498.60203099815215,86.0,0.30886577516473307
User_332,43.0,89.0,13.202601444792958,48.0,-1.5831321467524628
User_333,59.0,60.0,116.40467565753372,56.0,-1.201916977430403
User_334,58.0,97.0,186.01789563863173,65.0,-0.7297594251933163
User_335,41.0,66.0,223.25319399416992,63.0,-0.8426726174790711
User_336,51.0,46.0,354.71356768346766,74.0,-0.3201711620246679
User_337,54.0,77.0,242.20040989277413,68.0,-0.6156289015146367
User_338,41.0,65.0,715.9094275951978,105.0,1.240535279579647
User_339,55.0,68.0,724.5525920448073,108.0,1.3881010901729747
User_340,32.0,58.0,225.57608137099083,62.0,-0.9189274822185136
User_341,65.0,66.0,524.0457098467056,92.0,0.5851411654833444
User_342,42.0,78.0,184.58798435963683,62.0,-0.9201638813957485
User_343,45.0,85.0,321.077514948848,74.0,-0.2878768839451116
User_344,48.0,40.0,602.1788567659676,93.0,0.6738205112331481
User_345,40.0,58.0,487.3679090685562,85.0,0.2441289264554965
User_346,52.0,104.0,732.4540674550012,112.0,1.5910844876659207
User_347,35.0,87.0,269.6892640279886,69.0,-0.5658389443233913
User_348,42.0,92.0,472.6669559549456,87.0,0.35586291157685407
User_349,63.0,69.0,386.78630866232714,80.0,-0.0019427312368045374
User_350,53.0,90.0,294.48366057306396,73.0,-0.33584592185113066
User_351,53.0,60.0,568.6958730187187,93.0,0.6642084103534674
User_352,49.0,95.0,43.990202756228626,52.0,-1.3826371389393497
User_353,66.0,76.0,649.948932978256,104.0,1.1822481460491971
User_354,42.0,76.0,83.7809785450178,53.0,-1.3558085962553155
User_355,57.0,83.0,103.09060850602357,57.0,-1.1473102376268147
User_356,47.0,43.0,265.9804678715982,66.0,-0.7246946691998759
User_357,35.0,83.0,549.2801434651526,92.0,0.594319864177764
User_358,46.0,99.0,456.56312729539826,87.0,0.35148018671098025
User_359,38.0,79.0,212.83966242049655,64.0,-0.8232729491898207
User_360,35.0,98.0,201.22143923478967,64.0,-0.8006653175211413
User_361,33.0,70.0,691.0578468794554,102.0,1.1154638814808202
User_362,60.0,91.0,229.06157512201256,69.0,-0.5630666737696104
User_363,43.0,105.0,224.55951709857806,68.0,-0.6049695016546695
User_364,57.0,89.0,81.61759063476319,56.0,-1.2208979014122863
User_365,59.0,69.0,556.1919323533873,94.0,0.704702962480752
User_366,66.0,71.0,26.415694611151427,50.0,-1.49047531850105
User_367,52.0,82.0,535.4836126036957,93.0,0.6429307049829946
User_368,51.0,100.0,603.4927316731225,100.0,1.001925349279723
User_369,40.0,73.0,327.8605377772052,73.0,-0.3531747311231107
User_370,43.0,91.0,431.6490472109387,84.0,0.1817902498727742
User_371,41.0,81.0,185.90718439694717,62.0,-0.9054877121002348
User_372,61.0,69.0,386.7311382057008,80.0,-0.013882928677920566
User_373,42.0,103.0,761.4228696476571,113.0,1.6373434906477065
User_374,52.0,84.0,179.5360323002063,63.0,-0.8572523455109231
User_375,36.0,76.0,207.63769759978575,62.0,-0.8751711431958062
User_376,64.0,64.0,719.6966296478656,108.0,1.3898283299015937
User_377,51.0,59.0,637.3036815525747,99.0,0.9399060597084704
User_378,42.0,68.0,51.72089981868971,49.0,-1.5326090122305724
User_379,54.0,54.0,154.947979907856,58.0,-1.0987362176692153
User_380,37.0,85.0,140.03814405035695,58.0,-1.118502371217677
User_381,41.0,57.0,390.6453079264636,77.0,-0.16522101038019754
User_382,52.0,55.0,83.70861769771516,52.0,-1.4227875885823866
User_383,65.0,78.0,156.41976601745264,62.0,-0.9040015546826322
User_384,39.0,96.0,47.18251287994274,51.0,-1.4405609656864231
User_385,35.0,42.0,368.2167424068456,73.0,-0.3730498598393688
User_386,54.0,106.0,595.4260366096712,100.0,1.0227392198677332
User_387,62.0,38.0,760.2405912578828,109.0,1.432972668913353
User_388,48.0,56.0,607.687794431027,96.0,0.7792410946886419
User_389,36.0,48.0,345.54499153693143,71.0,-0.4481739094390563
User_390,48.0,64.0,370.0494677773404,76.0,-0.18377813114446226
User_391,67.0,56.0,41.854928619816384,50.0,-1.4877646644877534
User_392,43.0,91.0,541.7967494833193,93.0,0.6591368553296081
User_393,49.0,71.0,475.60973141834455,86.0,0.3157002034471512
User_394,55.0,68.0,336.1318221565796,75.0,-0.2534951105091385
User_395,42.0,80.0,547.5035737247271,93.0,0.6269540782096852
User_396,39.0,73.0,255.22285157031237,67.0,-0.6664574136768877
User_397,46.0,40.0,927.6913960081469,121.0,2.0338528270862626
User_398,63.0,56.0,473.3010850830682,86.0,0.31471211624431894
User_399,48.0,75.0,205.35314933386283,63.0,-0.8263589130845482
User_400,59.0,87.0,278.87649778335543,73.0,-0.3731965140355731
User_401,37.0,81.0,30.736208148419525,48.0,-1.5903174872765082
User_402,61.0,76.0,341.7245109594313,77.0,-0.15687129001299932
User_403,66.0,91.0,277.6881848121414,74.0,-0.31715050488962454
User_404,49.0,67.0,558.0563476275321,93.0,0.6403089065582801
User_405,33.0,72.0,466.691468061419,84.0,0.18843613430871442
User_406,51.0,66.0,37.788839208843186,49.0,-1.5642399268411324
User_407,38.0,57.0,81.4672693543587,50.0,-1.5029559268859445
User_408,38.0,103.0,803.9944949577699,116.0,1.8040579199297286
User_409,43.0,76.0,152.5521937604155,59.0,-1.0569849258547426
User_410,43.0,49.0,124.9878688696322,53.0,-1.3348094673606514
User_411,37.0,57.0,556.9276095369298,90.0,0.5005086037612776
User_412,49.0,77.0,534.7078775456747,92.0,0.5832834414421525
User_413,47.0,91.0,28.251904880863837,50.0,-1.502309187524296
User_414,54.0,71.0,821.738967133399,116.0,1.8117047364177188
User_415,46.0,66.0,516.3332978651417,89.0,0.4380665086364123
User_416,65.0,82.0,509.69878661504714,92.0,0.6054627298858708
User_417,65.0,94.0,99.0599557673686,59.0,-1.069215963701353
User_418,54.0,96.0,209.40251782064732,67.0,-0.6547492657733237
User_419,60.0,64.0,170.91354295808446,61.0,-0.9567175706891152
User_420,56.0,99.0,922.8419619828989,128.0,2.3869064452222304
User_421,41.0,83.0,108.74220324105856,55.0,-1.2268283441498922
User_422,65.0,88.0,501.67354074733834,92.0,0.5955831400160222
User_423,48.0,76.0,411.0824524768629,81.0,0.05834010356700158
User_424,56.0,61.0,155.45116363606857,59.0,-1.0625931909477935
User_425,57.0,51.0,616.1627200099923,97.0,0.8409798735911422
User_426,61.0,81.0,468.87299701376804,88.0,0.40153031749534124
User_427,38.0,50.0,434.1957898321381,79.0,-0.03462579568936657
User_428,42.0,45.0,589.4613211066994,92.0,0.6023092681148215
User_429,47.0,68.0,753.7781400176785,109.0,1.4712995620336053
User_430,48.0,111.0,88.31915197530536,57.0,-1.1369147012361303
User_431,60.0,71.0,413.17689581079,82.0,0.11551381958839477
User_432,45.0,64.0,418.1908025651038,80.0,0.018974703918739077
User_433,41.0,65.0,584.2358549459525,94.0,0.6987389063512935
User_434,63.0,72.0,231.85992859503193,67.0,-0.6260180753998181
User_435,53.0,67.0,108.15559451200045,55.0,-1.244003749333565
User_436,44.0,84.0,33.36647700238435,49.0,-1.5258088547255537
User_437,42.0,62.0,468.2770314268683,84.0,0.18768346032852506
User_438,49.0,67.0,62.9725922927461,51.0,-1.465553734569218
User_439,53.0,67.0,655.318936482236,101.0,1.0620372246751404
User_440,45.0,66.0,524.0683692656173,89.0,0.46876409457745666
User_441,54.0,99.0,14.381403771448507,51.0,-1.467233937881606
User_442,41.0,102.0,69.7540397955375,54.0,-1.2902834212446055
User_443,60.0,52.0,77.3972210326365,52.0,-1.400703529642089
User_444,54.0,88.0,68.0437017882511,54.0,-1.2905785454210899
User_445,57.0,79.0,332.46548677994724,76.0,-0.20169226286007685
User_446,36.0,52.0,266.7833212980837,65.0,-0.7480479764037717
User_447,58.0,86.0,235.95996900714968,68.0,-0.5822792173899926
User_448,57.0,91.0,272.42060128950055,72.0,-0.4035762291856166
User_449,61.0,59.0,715.564415540771,107.0,1.3445658206525808
User_450,40.0,70.0,226.35875697564435,64.0,-0.7951295856858082
User_451,55.0,94.0,507.14575818710495,92.0,0.6073095872154033
User_452,56.0,94.0,904.1702641746762,126.0,2.282811497418133
User_453,41.0,66.0,719.3056995179733,105.0,1.2741179533858675
User_454,52.0,56.0,487.63307015867576,86.0,0.29037934567749657
User_455,46.0,67.0,522.5728727364964,89.0,0.4610101921221201
User_456,60.0,65.0,683.3162368687712,104.0,1.2177702637748407
User_457,32.0,85.0,850.5222044482049,117.0,1.8654210830880051
User_458,59.0,74.0,148.63645704625247,60.0,-1.0024663941173533
User_459,58.0,74.0,567.262227920838,95.0,0.7658305552443017
User_460,49.0,80.0,337.0636683535908,75.0,-0.23384684355294086
User_461,63.0,73.0,144.7255675977889,60.0,-0.9924303190350133
User_462,44.0,76.0,426.4203186601909,82.0,0.10286401933205325
User_463,57.0,71.0,753.4205424447439,111.0,1.5366103032116698
User_464,62.0,78.0,586.5506324289806,98.0,0.8883547422567799
User_465,65.0,81.0,822.0777885928965,118.0,1.923270031232753
User_466,66.0,101.0,55.20120353973414,56.0,-1.2063875982244494
User_467,60.0,86.0,554.8254353170381,96.0,0.785410187343895
User_468,42.0,81.0,269.1898847089861,69.0,-0.5570525715769977
User_469,33.0,69.0,282.45402463028597,68.0,-0.609836807464464
User_470,39.0,85.0,59.66698231233609,51.0,-1.4312408349906964
User_471,37.0,83.0,633.517532415748,99.0,0.9548051231917692
User_472,39.0,93.0,89.16874780025405,55.0,-1.2749818500945471
User_473,37.0,85.0,457.8289292251107,85.0,0.22921208340872906
User_474,62.0,71.0,218.5355252651983,66.0,-0.7003606353208544
User_475,54.0,60.0,363.9554398468208,76.0,-0.19442194374269603
User_476,57.0,68.0,158.98952541580016,60.0,-1.0047731338323316
User_477,59.0,98.0,751.962480356864,114.0,1.678147444125338
User_478,41.0,71.0,427.4391055896959,81.0,0.06811083970232752
User_479,40.0,65.0,520.4778636961289,88.0,0.421090290274057
User_480,38.0,62.0,619.4138002157265,96.0,0.8075674126124672
User_481,53.0,72.0,431.32124630950506,83.0,0.15527766212788444
User_482,47.0,91.0,46.7394640014774,52.0,-1.4196277439837879
User_483,65.0,74.0,428.15302849957163,85.0,0.23119525353197506
User_484,38.0,60.0,160.66526753943256,57.0,-1.1438868267938296
User_485,40.0,103.0,102.59036101873257,57.0,-1.1543728683523669
User_486,48.0,75.0,155.35424418208456,60.0,-1.0249451761756565
User_487,42.0,89.0,490.71244499981196,89.0,0.43127887378080515
User_488,34.0,86.0,396.010477979862,79.0,-0.030929464262324725
User_489,39.0,51.0,129.4986556305482,53.0,-1.3286369755088003
User_490,50.0,80.0,682.1325748477436,105.0,1.245384052166986
User_491,51.0,56.0,17.13088332039394,46.0,-1.6887732911225153
User_492,35.0,78.0,742.760670467334,108.0,1.3898962371638237
User_493,60.0,76.0,476.83829645835283,88.0,0.4015330291502412
User_494,61.0,69.0,359.9786883451811,77.0,-0.12917539467087133
User_495,42.0,73.0,810.1094353503548,114.0,1.7053390872566194
User_496,40.0,92.0,347.0604307045157,76.0,-0.18076572642206973
User_497,45.0,95.0,407.9763286489979,83.0,0.1261864520947559
User_498,39.0,74.0,616.6336373461994,97.0,0.8580327101639182
User_499,51.0,83.0,650.9653408622893,102.0,1.119036765737038
User_500,43.0,89.0,465.96600246356957,87.0,0.328893896614713
User_501,42.0,92.0,21.800650906453594,49.0,-1.544812767777353
User_502,50.0,72.0,677.0682934883819,104.0,1.182920701562875
User_503,63.0,83.0,504.2065529748236,92.0,0.5838215324034045
User_504,47.0,80.0,71.30322065536602,53.0,-1.3592935630137934
User_505,66.0,66.0,516.580093645606,91.0,0.5494419920405297
User_506,56.0,82.0,248.19481678715246,69.0,-0.5612420999394698
User_507,66.0,86.0,169.0216651909748,64.0,-0.8085962089093225
User_508,39.0,62.0,543.1097703328196,90.0,0.48449576328926325
User_509,55.0,69.0,317.20886347320953,73.0,-0.34322495057244945
User_510,56.0,65.0,546.5075329455542,93.0,0.6281586894937979
User_511,64.0,82.0,24.423790849651027,51.0,-1.452584928169174
User_512,45.0,84.0,134.23174806510997,58.0,-1.0999024790680416
User_513,38.0,68.0,705.5001418861732,104.0,1.1982054512100322
User_514,47.0,92.0,297.38066662424393,73.0,-0.35207204897929584
User_515,44.0,79.0,164.99191435886485,60.0,-0.9852739835359314
User_516,46.0,64.0,112.0747760026935,54.0,-1.28617975911578
User_517,58.0,73.0,678.6581692422461,105.0,1.227677914145282
User_518,56.0,82.0,147.12255571616384,60.0,-0.9757115181944729
User_519,63.0,59.0,228.7949861358356,66.0,-0.7160758246740652
User_520,33.0,91.0,392.9153661094657,79.0,-0.038900396175424845
User_521,53.0,82.0,513.5151616503971,91.0,0.5432147354093926
User_522,39.0,82.0,264.05893740894106,68.0,-0.5928525453047006
User_523,59.0,57.0,567.6641078782102,94.0,0.6786786608541856
User_524,54.0,96.0,621.9095077207204,102.0,1.0813683102942
User_525,44.0,65.0,426.57546108047325,81.0,0.05164743154949975
User_526,56.0,77.0,198.6961898266388,64.0,-0.7970812630921764
User_527,37.0,68.0,618.7815346908928,97.0,0.8322911898003263
User_528,40.0,81.0,169.88162699869974,60.0,-0.9780810241157168
User_529,65.0,66.0,738.142353770082,110.0,1.4931348890360692
User_530,55.0,84.0,67.61785019012993,54.0,-1.3145625027898
User_531,49.0,94.0,475.2885348761617,88.0,0.41905961536093683
User_532,56.0,83.0,458.8493012879425,87.0,0.3496848461382966
User_533,51.0,52.0,190.1089148751452,60.0,-0.9819874262759357
User_534,47.0,78.0,242.66672504656606,67.0,-0.6476359030851878
User_535,60.0,64.0,318.1090463661136,73.0,-0.33877302780840507
User_536,37.0,57.0,450.6050748976727,81.0,0.0689249788933335
User_537,54.0,72.0,398.81568964583977,80.0,0.007368968433750274
User_538,62.0,100.0,556.9887018871964,98.0,0.8805337893524381
User_539,46.0,97.0,536.7228981731251,94.0,0.6872780004324519
User_540,48.0,90.0,158.0700988207709,61.0,-0.9545619708343607
User_541,69.0,56.0,94.19020565980898,55.0,-1.2638022836973484
User_542,55.0,56.0,652.276743342074,100.0,1.02282578647634
User_543,60.0,84.0,93.59835685284831,57.0,-1.1629857099863476
User_544,58.0,76.0,211.68363786807163,66.0,-0.7159863948723028
User_545,57.0,94.0,487.6484847413215,91.0,0.5265161529374902
User_546,57.0,78.0,186.74578749667873,64.0,-0.824075375945249
User_547,32.0,52.0,123.60400053967658,52.0,-1.3912109313382697
User_548,44.0,81.0,848.8855985466704,118.0,1.9060250037796773
User_549,56.0,74.0,526.8835178341698,92.0,0.5781564743928829
User_550,59.0,86.0,180.22332241559286,64.0,-0.8036224003084954
User_551,37.0,62.0,225.3848149703829,63.0,-0.8728315960452145
User_552,61.0,79.0,260.6946614232725,70.0,-0.4850858385712433
User_553,62.0,77.0,372.43113592021535,80.0,-0.01758736798090957
User_554,41.0,82.0,317.025199833471,73.0,-0.3419350038192609
User_555,36.0,78.0,358.94725278410476,75.0,-0.22948993858064626
User_556,64.0,80.0,633.6053638045023,103.0,1.1252296079632689
User_557,44.0,80.0,181.1090608840922,62.0,-0.9189741301339305
User_558,59.0,43.0,740.487443764261,107.0,1.342423659169438
User_559,48.0,86.0,156.6999325529983,61.0,-0.9621236912840508
User_560,43.0,70.0,73.45955610527018,51.0,-1.436902682908696
User_561,57.0,68.0,229.38808680685383,66.0,-0.6970027883853741
User_562,56.0,87.0,429.46655445359676,85.0,0.24198484239928256
User_563,49.0,72.0,246.39835720567413,67.0,-0.6432996835716572
User_564,36.0,83.0,95.88519630284128,54.0,-1.3105635152975763
User_565,57.0,61.0,425.50899952583865,82.0,0.09899802891659366
User_566,67.0,80.0,712.470422066835,109.0,1.468952187509226
User_567,53.0,89.0,438.6004416852286,85.0,0.2672590089813055
User_568,48.0,82.0,164.73509310889276,61.0,-0.9572510621819202
User_569,64.0,79.0,651.6726473413675,104.0,1.1843140897673436
User_570,63.0,71.0,115.31755571589306,57.0,-1.1338714794184235
User_571,42.0,65.0,480.27171182656787,85.0,0.2545789552227035
User_572,43.0,90.0,556.4099863252892,94.0,0.7242176537211379
User_573,33.0,55.0,308.90586389224694,69.0,-0.5729586828524863
User_574,59.0,109.0,90.03889760969707,59.0,-1.0557489570389131
User_575,37.0,89.0,856.8205758811497,119.0,1.954185395558268
User_576,61.0,68.0,444.8771040175249,85.0,0.2346092935342979
User_577,63.0,102.0,612.5442291300558,103.0,1.1432846091207156
User_578,63.0,91.0,224.9704781087038,69.0,-0.5625860690852958
User_579,65.0,70.0,677.3768225272444,105.0,1.2648577565574326
User_580,41.0,74.0,234.58060430490016,65.0,-0.7454467501397033
User_581,60.0,85.0,356.59395203803075,79.0,-0.058595343104662835
User_582,52.0,73.0,338.9303137124247,75.0,-0.24194138402470022
User_583,46.0,94.0,844.7768966209891,120.0,1.9755714529713615
User_584,33.0,59.0,568.1111567073845,91.0,0.5419893856575664
User_585,60.0,84.0,671.2346746650153,106.0,1.2753513092505304
User_586,36.0,47.0,714.7438792016324,102.0,1.1098982071581251
User_587,43.0,98.0,335.9164629689576,77.0,-0.17046524765253576
User_588,48.0,65.0,49.38499621209155,49.0,-1.527436040771814
User_589,51.0,60.0,582.9505455082391,94.0,0.7132082498217294
User_590,32.0,83.0,424.56800160889514,81.0,0.061125700314304095
User_591,56.0,84.0,237.73293982988145,68.0,-0.5824712403155764
User_592,59.0,47.0,46.5334886672399,49.0,-1.5603848734016499
User_593,35.0,71.0,404.11560418699474,78.0,-0.08160610168587323
User_594,32.0,67.0,104.31893940925536,52.0,-1.388468662992921
User_595,62.0,43.0,745.8922753593233,108.0,1.3840938346950626
User_596,41.0,65.0,543.0856962204025,90.0,0.5107856326189864
User_597,58.0,90.0,587.2470841120929,99.0,0.9468703888220757
User_598,63.0,70.0,98.86326993738673,56.0,-1.2115027976630224
User_599,47.0,81.0,515.2205731343744,91.0,0.5267279728872144
User_600,64.0,88.0,71.81774940826948,56.0,-1.2224580362626474
User_601,53.0,70.0,759.2146037242239,111.0,1.5354664629172625
User_602,39.0,50.0,170.74023880865397,57.0,-1.1604238990260527
User_603,38.0,79.0,174.71782807296117,60.0,-0.9785549355781709
User_604,33.0,71.0,851.0944943525205,116.0,1.8088689096850574
User_605,41.0,75.0,316.6062247747066,72.0,-0.3825411386567695
User_606,43.0,84.0,73.12563106467428,53.0,-1.3706077399317886
User_607,38.0,82.0,256.49223566201056,67.0,-0.6328774266114005
User_608,52.0,59.0,73.35655985250646,51.0,-1.4323089558907922
User_609,39.0,85.0,630.192512881131,99.0,0.970016965056067
User_610,42.0,49.0,174.6205858975885,57.0,-1.1306009885497401
User_611,52.0,66.0,637.5629059308635,100.0,0.9767565949167261
User_612,63.0,111.0,401.9803703954307,86.0,0.2877248440507896
User_613,34.0,77.0,21.30957378349973,47.0,-1.6731318364984014
User_614,34.0,71.0,577.0720551766242,93.0,0.6412558786933408
User_615,48.0,72.0,485.20200252882825,87.0,0.3448161328488899
User_616,40.0,77.0,555.2967851687008,92.0,0.6203495763726908
User_617,61.0,55.0,58.069109638206626,51.0,-1.465239750764604
User_618,40.0,88.0,843.5016106774368,118.0,1.892057207304606
User_619,34.0,80.0,155.2010721718119,58.0,-1.0889916137673419
User_620,48.0,78.0,937.1946518743384,126.0,2.297383857532546
User_621,51.0,106.0,382.3063302681038,82.0,0.11678180682948651
User_622,61.0,60.0,439.4514826664026,84.0,0.18275917703490654
User_623,58.0,99.0,467.6801013680532,90.0,0.4853409985315134
User_624,65.0,70.0,429.9341944420832,84.0,0.2088994121404761
User_625,59.0,79.0,91.01017674961624,56.0,-1.2128988212644702
User_626,40.0,89.0,155.60634355572464,60.0,-1.0038064544716299
User_627,58.0,90.0,225.48171784001556,68.0,-0.5899468695017996
User_628,68.0,87.0,202.84016960234152,67.0,-0.6489457827213171
User_629,65.0,82.0,218.8853814272378,68.0,-0.6189832252489789
User_630,62.0,77.0,423.9393015183627,84.0,0.20353962213529345
User_631,53.0,57.0,376.41690482394563,77.0,-0.16779605118334567
User_632,67.0,64.0,603.9800379716976,99.0,0.9291522728230156
User_633,43.0,90.0,90.04893221276241,55.0,-1.2676639463196115
User_634,37.0,90.0,26.662711173856714,49.0,-1.5709156335474028
User_635,62.0,76.0,413.4824247577198,83.0,0.13992999558762703
User_636,46.0,93.0,482.34188944047924,89.0,0.43551745235612754
User_637,42.0,76.0,91.71605009862365,53.0,-1.3358230259561938
User_638,33.0,83.0,237.1622431461243,65.0,-0.7282993002791732
User_639,38.0,85.0,480.84541628650646,87.0,0.3352043490319671
User_640,58.0,79.0,837.8241992563727,119.0,1.9345367796082473
User_641,44.0,102.0,368.5786705088606,80.0,-0.014433870222204184
User_642,50.0,94.0,262.8746609198995,71.0,-0.4627227872005565
User_643,52.0,42.0,417.56303701448127,79.0,-0.06561115278821358
User_644,32.0,66.0,130.0332392891213,54.0,-1.2758418012416672
User_645,55.0,67.0,615.978317466937,99.0,0.9259066986952721
User_646,38.0,72.0,168.24829603275703,59.0,-1.0415157793563898
User_647,59.0,68.0,381.89452136007174,79.0,-0.036568678874305226
User_648,37.0,85.0,133.43576228705643,57.0,-1.1334910042951516
User_649,57.0,80.0,286.9689697246511,72.0,-0.401638033226173
User_650,67.0,67.0,354.80361881052914,78.0,-0.11093629028659072
User_651,41.0,76.0,638.8890150562249,100.0,0.9751216551841487
User_652,41.0,74.0,467.33261590002985,85.0,0.24848666877977094
User_653,62.0,80.0,172.0392803625145,63.0,-0.8410697679213723
User_654,48.0,70.0,560.942584495995,93.0,0.6594306559480637
User_655,49.0,82.0,697.9153292350334,106.0,1.3128763151569256
User_656,61.0,75.0,528.2703955517946,92.0,0.6187558935414034
User_657,55.0,42.0,24.367984393073108,46.0,-1.7213578421756017
User_658,49.0,76.0,148.0592614213903,59.0,-1.0524021898695175
User_659,53.0,101.0,291.13932475068844,74.0,-0.2801965254861998
User_660,60.0,64.0,300.1731901203119,72.0,-0.39669741934852
User_661,54.0,99.0,395.0718480401882,83.0,0.14355821336676358
User_662,68.0,71.0,608.7414742266218,100.0,0.9892577273721099
User_663,63.0,70.0,495.3376892095911,90.0,0.4769217155422725
User_664,47.0,66.0,134.71150839959193,57.0,-1.1600107320874786
User_665,62.0,91.0,426.5190324903937,86.0,0.2886797456982781
User_666,58.0,85.0,544.187295181581,95.0,0.7286392285717221
User_667,45.0,59.0,305.5947738927148,70.0,-0.4890377954028388
User_668,47.0,71.0,124.77219197020496,56.0,-1.1920010659312805
User_669,63.0,64.0,568.174029131161,95.0,0.750836219594887
User_670,43.0,66.0,289.6321178851093,69.0,-0.5436499165475561
User_671,61.0,93.0,549.8774791626215,96.0,0.8014558852837714
User_672,40.0,98.0,866.3161685278832,121.0,2.0547786981566514
User_673,45.0,67.0,712.8836984090268,105.0,1.2714897532913632
User_674,33.0,101.0,150.91803027441946,60.0,-0.9930417547100631
User_675,38.0,90.0,653.6091262571207,102.0,1.0881085493092084
User_676,55.0,80.0,549.6349387502726,94.0,0.7063773956281323
User_677,53.0,89.0,414.800250291848,83.0,0.17029244653449982
User_678,59.0,53.0,465.10699749738774,84.0,0.21979143905739099
User_679,38.0,71.0,683.4770022621333,102.0,1.1186285360207502
User_680,67.0,81.0,265.4306717983412,72.0,-0.42421689732362466
User_681,49.0,89.0,764.0465505635609,112.0,1.615508921703417
User_682,64.0,68.0,549.1449180804703,94.0,0.6955004485688145
User_683,55.0,71.0,601.6485935909277,97.0,0.8740891236288963
User_684,34.0,77.0,529.0206943808535,90.0,0.4790715356942353
User_685,53.0,69.0,49.68782938004157,50.0,-1.490368011329892
User_686,63.0,79.0,647.1733194070009,103.0,1.1604708745154535
User_687,40.0,45.0,98.72597688021118,51.0,-1.4708963936117603
User_688,53.0,84.0,972.102421675325,130.0,2.4997750820810887
User_689,46.0,64.0,265.0721437592917,68.0,-0.6231679423717237
User_690,43.0,68.0,43.2354672375279,49.0,-1.566066856159993
User_691,50.0,68.0,86.86655024114152,53.0,-1.341325816724367
User_692,38.0,91.0,708.6646667824633,106.0,1.3244718017805397
User_693,66.0,71.0,383.39883471691866,80.0,0.021878391533411496
User_694,59.0,61.0,18.074436631664252,48.0,-1.6064287864967175
User_695,65.0,91.0,386.02186263771233,83.0,0.12765287308913434
User_696,41.0,77.0,37.22751274726997,49.0,-1.565715839134447
User_697,51.0,87.0,204.07757494192114,65.0,-0.7492590146909045
User_698,38.0,72.0,432.9754715597865,81.0,0.07367881222258468
User_699,49.0,78.0,275.9911129482445,70.0,-0.5023153273383317
User_700,65.0,79.0,474.98604305841644,89.0,0.44547204789284256
User_701,35.0,92.0,558.2196550390613,94.0,0.6771474559577442
User_702,54.0,77.0,262.2973831337413,69.0,-0.527831764470802
User_703,32.0,57.0,457.2377691212199,81.0,0.053589335296995985
User_704,44.0,68.0,690.144188817535,103.0,1.167399494618254
User_705,52.0,87.0,721.0662164351637,109.0,1.4535061358255712
User_706,46.0,66.0,563.4051047506161,92.0,0.6233824423117297
User_707,41.0,72.0,79.25203196877042,52.0,-1.416780539854572
User_708,68.0,95.0,579.6555872511452,100.0,0.9822625900279808
User_709,35.0,82.0,333.0717974637166,74.0,-0.3215092700586212
User_710,62.0,78.0,506.46256028803043,91.0,0.561686873877907
User_711,52.0,84.0,50.49280715450153,52.0,-1.3972351520083361
User_712,53.0,80.0,568.2424034704544,95.0,0.7700082163737706
User_713,34.0,55.0,538.5847303668024,88.0,0.3881884509468597
User_714,36.0,74.0,83.59392636441812,52.0,-1.4072477848940625
User_715,38.0,63.0,348.57017814056684,73.0,-0.3292109899711761
User_716,57.0,67.0,182.5721621300521,62.0,-0.9026205520116714
User_717,63.0,70.0,447.3345584835564,85.0,0.25608635482224684
User_718,52.0,71.0,487.1994206220361,87.0,0.37370129482836756
User_719,65.0,81.0,655.716164729562,104.0,1.2233752294257423
User_720,43.0,92.0,788.2161298848375,114.0,1.701038756376148
User_721,41.0,81.0,413.1858582046501,81.0,0.05587253566196204
User_722,40.0,72.0,644.6931566158927,99.0,0.9713002411883863
User_723,52.0,47.0,565.9051921132234,92.0,0.5805619243244872
User_724,62.0,79.0,811.4237601651333,117.0,1.8495027422811479
User_725,40.0,49.0,126.72731803269149,53.0,-1.3351140373959363
User_726,37.0,81.0,356.68154289096384,75.0,-0.22751719257922776
User_727,55.0,59.0,568.692515115405,93.0,0.666588363976135
User_728,60.0,44.0,125.8817881211767,55.0,-1.2488096707292544
User_729,64.0,53.0,290.53422426865427,70.0,-0.4908410804916265
User_730,34.0,66.0,660.4227269158799,99.0,0.9689673262521087
User_731,58.0,77.0,839.7473482515413,119.0,1.9416139352124666
User_732,47.0,70.0,460.5535594170711,85.0,0.231501715806079
User_733,37.0,64.0,579.0646751612265,93.0,0.6408445393156051
User_734,56.0,59.0,481.1081640251077,86.0,0.3115117196677346
User_735,44.0,62.0,619.3556047455886,97.0,0.8403924046777572
User_736,43.0,76.0,353.1679787873735,75.0,-0.2265142081630433
User_737,61.0,62.0,749.9493287940257,110.0,1.4928386191195466
User_738,50.0,105.0,513.2410130541231,93.0,0.6499189719191427
User_739,46.0,68.0,544.1019256873863,91.0,0.5543495380547446
User_740,64.0,67.0,191.04690247484973,64.0,-0.8241098589294434
User_741,40.0,75.0,573.7835135289216,94.0,0.6913782240127104
User_742,32.0,76.0,19.51717324245384,46.0,-1.699787300508981
User_743,50.0,44.0,740.8604620111059,106.0,1.2916848462528243
User_744,37.0,55.0,254.3457084603353,64.0,-0.7773785866116185
User_745,49.0,60.0,547.962262420498,91.0,0.5620074849382515
User_746,49.0,62.0,585.6130845906755,94.0,0.7217412372406267
User_747,42.0,63.0,564.4970616393275,92.0,0.5958677241022825
User_748,33.0,96.0,440.17531711076623,84.0,0.19694387329573684
User_749,43.0,62.0,446.6346527829394,82.0,0.09221911878861941
User_750,38.0,46.0,28.997750006471463,44.0,-1.7757003827313933
User_751,41.0,71.0,459.47024547560284,84.0,0.19653807772121853
User_752,49.0,83.0,69.40123253720155,53.0,-1.3559824011032842
User_753,46.0,60.0,175.81241666157737,59.0,-1.0402199698874963
User_754,52.0,77.0,318.60200608762375,74.0,-0.3026803912361938
User_755,48.0,75.0,283.7597039207253,70.0,-0.4911579329739908
User_756,57.0,69.0,407.11341140288164,81.0,0.048180127104532504
User_757,67.0,61.0,224.21954343503822,66.0,-0.692382174128905
User_758,55.0,65.0,39.665636643658004,49.0,-1.535520582673313
User_759,69.0,81.0,236.20706976129085,69.0,-0.5344547321495215
User_760,58.0,60.0,697.7840298830938,105.0,1.2440143152476344
User_761,62.0,82.0,398.84037588040053,82.0,0.12328785012581728
User_762,58.0,86.0,402.76887254844536,83.0,0.12969366740323038
User_763,50.0,85.0,250.52990322924592,69.0,-0.5562886837346351
User_764,41.0,58.0,417.66395267524376,79.0,-0.045082912437693946
User_765,55.0,73.0,193.0085120418887,63.0,-0.8464213146110132
User_766,38.0,72.0,40.22700985365775,48.0,-1.5945143626157803
User_767,66.0,65.0,122.7855448498756,58.0,-1.1146611056589313
User_768,44.0,70.0,223.7267965749469,64.0,-0.7893595648100311
User_769,39.0,75.0,867.3003527018101,119.0,1.9315533830204565
User_770,35.0,94.0,390.6804847818984,80.0,-0.012930257942638633
User_771,63.0,56.0,106.21052936245502,55.0,-1.2572967723885242
User_772,40.0,44.0,532.0371520294837,87.0,0.3551088916086084
User_773,33.0,99.0,655.7969604098882,102.0,1.1119264769413764
User_774,47.0,46.0,61.55354376978419,48.0,-1.579127583202967
User_775,52.0,92.0,48.61488577301622,53.0,-1.365365187320369
User_776,37.0,56.0,392.22994190167776,76.0,-0.19915627443255468
User_777,65.0,92.0,107.65755338204956,59.0,-1.046430357957417
User_778,35.0,57.0,548.0218435402746,89.0,0.46126544392658675
User_779,38.0,97.0,59.67818098831734,52.0,-1.3778342145968903
User_780,53.0,60.0,283.12261911458006,69.0,-0.54435433775474
User_781,54.0,79.0,873.0536063004631,121.0,2.05635824568584
User_782,51.0,78.0,595.851559450305,97.0,0.8665429245969452
User_783,49.0,86.0,53.56488355134968,52.0,-1.4090960846656753
User_784,40.0,92.0,765.0437200997278,112.0,1.5798282216982045
User_785,35.0,91.0,266.78866875072913,69.0,-0.5624834608562383
User_786,58.0,50.0,632.3597267713717,98.0,0.9126671200562956
User_787,67.0,86.0,696.473480201467,109.0,1.4288345565315912
User_788,58.0,113.0,265.2118228443927,74.0,-0.29816459323146866
User_789,43.0,47.0,19.8346828933967,44.0,-1.7800631452129156
User_790,65.0,99.0,56.24646494111,55.0,-1.2277018827183215
User_791,56.0,70.0,227.7493519174541,66.0,-0.7004767194027179
User_792,43.0,64.0,443.1845886735743,82.0,0.10341790920621124
User_793,63.0,103.0,21.338117524642563,53.0,-1.3688317397981504
User_794,67.0,85.0,549.6588743807844,96.0,0.8091394557177899
User_795,47.0,54.0,351.4166023141955,74.0,-0.3193687724281198
User_796,38.0,99.0,61.24884910570108,53.0,-1.3524360472824637
User_797,67.0,79.0,38.822637771187644,52.0,-1.3942833972882267
User_798,64.0,81.0,47.067479345656274,53.0,-1.359694636427099
User_799,64.0,67.0,986.894611321279,131.0,2.528189128882583
User_800,66.0,73.0,125.07617654089375,59.0,-1.0645968738967626
User_801,48.0,65.0,394.55478756828126,78.0,-0.07521501196294333
User_802,47.0,64.0,710.6019286625778,105.0,1.2637848664069131
User_803,63.0,96.0,897.9813803642892,126.0,2.3147816834410206
User_804,44.0,84.0,815.0259552764293,116.0,1.7925572085625439
User_805,65.0,81.0,432.5239376748321,86.0,0.2811186807336226
User_806,44.0,71.0,201.51768304938201,63.0,-0.8712249043446636
User_807,52.0,80.0,288.3487420167242,71.0,-0.4274217983056439
User_808,60.0,78.0,746.5985195479709,111.0,1.5519697983972096
User_809,40.0,45.0,413.18950878798455,77.0,-0.13873493329196634
User_810,41.0,72.0,346.72858013222077,74.0,-0.2761673378544289
User_811,37.0,75.0,73.04460437377527,51.0,-1.4386278986917789
User_812,49.0,60.0,146.37529090803486,57.0,-1.150076426111307
User_813,40.0,91.0,515.5286894361808,90.0,0.5175147113675099
User_814,50.0,62.0,660.6576487736663,101.0,1.057736241677686
User_815,47.0,89.0,588.2990113102063,97.0,0.8687481837512149
User_816,56.0,83.0,614.3695208109476,100.0,0.9964109772664418
User_817,43.0,70.0,309.44412759185644,71.0,-0.4296065328102217
User_818,35.0,75.0,731.7802207833276,107.0,1.337256213307758
User_819,64.0,62.0,184.5197999976787,62.0,-0.8864481611232603
User_820,64.0,80.0,858.9120967564853,122.0,2.075872905020911
User_821,53.0,96.0,427.5696782506303,85.0,0.2702228019871829
User_822,51.0,91.0,568.8331005511878,97.0,0.826577963555678
User_823,65.0,78.0,729.6166375046514,110.0,1.5238159174616233
User_824,52.0,76.0,482.8432494982359,88.0,0.3846998797842356
User_825,57.0,54.0,215.79295414715833,63.0,-0.8306621608933262
User_826,40.0,72.0,603.8265276012842,96.0,0.7916198121959797
User_827,43.0,93.0,437.52453280784516,84.0,0.21548267595174453
User_828,61.0,91.0,479.81347443961585,90.0,0.5032533458801199
User_829,59.0,87.0,936.4721504873021,128.0,2.3965047890885387
User_830,53.0,61.0,305.7371189951597,71.0,-0.4430677730083424
User_831,44.0,72.0,279.20742342993486,69.0,-0.5470767064658778
User_832,34.0,87.0,40.78826729911816,49.0,-1.543828751842479
User_833,65.0,71.0,524.4331085189269,92.0,0.6224384864947823
User_834,40.0,73.0,377.7658986146811,77.0,-0.14921441897732046
User_835,35.0,68.0,662.2361743704422,100.0,1.0000666675396657
User_836,50.0,87.0,514.9045356196395,91.0,0.5669327376572717
User_837,52.0,79.0,631.8348341498645,100.0,1.0166270525571521
User_838,53.0,76.0,337.23031875716276,76.0,-0.2147201800722792
User_839,40.0,93.0,151.6467481552567,60.0,-0.9977063638801923
User_840,38.0,54.0,571.3623334282744,91.0,0.5543999441163807
User_841,52.0,68.0,25.920259946344075,48.0,-1.5961153084572846
User_842,64.0,57.0,268.84826695333476,69.0,-0.5496456152951331
User_843,38.0,111.0,388.30310794963964,81.0,0.07244177090213261
User_844,62.0,97.0,740.7577184095446,113.0,1.642599551113615
User_845,40.0,65.0,560.7522103599465,92.0,0.5831197722016815
User_846,54.0,71.0,457.03479286481024,85.0,0.2695909852077928
User_847,36.0,90.0,602.2188473345143,97.0,0.8653037858920166
User_848,69.0,109.0,550.8824097810244,99.0,0.9368460033490384
User_849,62.0,96.0,209.13063909843086,68.0,-0.6146905487129501
User_850,62.0,63.0,564.3470055363772,94.0,0.7229054617356014
User_851,56.0,61.0,176.6885623563143,61.0,-0.9696084365173167
User_852,48.0,56.0,767.8836557638896,109.0,1.4496710732417137
User_853,34.0,89.0,211.19974698021028,64.0,-0.7984464724360334
User_854,39.0,75.0,915.854357247633,122.0,2.1197789683748405
User_855,32.0,101.0,321.7436010102223,74.0,-0.2790053872184634
User_856,62.0,105.0,106.89173379054655,60.0,-1.0038986016218394
User_857,62.0,78.0,105.68866543180533,57.0,-1.1318156458957829
User_858,62.0,60.0,379.6611636657615,79.0,-0.07348297236127155
User_859,66.0,72.0,718.9130776393312,109.0,1.4506012623170985
User_860,40.0,51.0,29.964275806117048,45.0,-1.744075348979104
User_861,49.0,98.0,296.13927408646276,74.0,-0.30034979315265403
User_862,47.0,81.0,269.81508630218144,70.0,-0.5128905508544492
User_863,48.0,93.0,566.3818376969232,96.0,0.8046116247976227
User_864,52.0,73.0,427.22552820342725,83.0,0.134206473033671
User_865,38.0,64.0,703.5418048820262,104.0,1.1754200491434357
User_866,51.0,83.0,28.537690408360277,50.0,-1.52020088028451
User_867,37.0,97.0,162.4886447750597,61.0,-0.9497948740334462
User_868,42.0,62.0,875.1779282980137,118.0,1.915288635817561
User_869,41.0,74.0,99.1593023960248,54.0,-1.316597448482004
User_870,51.0,64.0,193.63773890074717,62.0,-0.9164372234644865
User_871,61.0,84.0,669.2229094952385,105.0,1.2700005582958953
User_872,37.0,59.0,625.6308015606951,96.0,0.8133013722286602
User_873,50.0,89.0,472.2705080861181,88.0,0.3877659471184137
User_874,43.0,78.0,590.341154577377,96.0,0.7890897861802663
User_875,65.0,63.0,316.0821459981015,74.0,-0.3180882602635708
User_876,49.0,68.0,168.32282665361672,60.0,-0.9986223531998857
User_877,52.0,94.0,105.53393788838481,58.0,-1.1243383107425833
User_878,59.0,55.0,504.929280252417,88.0,0.4154663202719868
User_879,33.0,57.0,166.80093225188187,57.0,-1.1678415393209791
User_880,48.0,100.0,593.1913411966216,99.0,0.9564923213758125
User_881,45.0,77.0,289.20089454665873,71.0,-0.4619842917960588
User_882,58.0,70.0,312.45681842339246,73.0,-0.3359133262410162
User_883,58.0,102.0,507.66852465668376,93.0,0.656263499684571
User_884,38.0,58.0,735.5059221361178,106.0,1.2814133275441033
User_885,51.0,66.0,144.57333788263324,58.0,-1.1082123664624195
User_886,44.0,57.0,29.88178294860135,46.0,-1.6872331557420777
User_887,46.0,63.0,75.1118678940446,51.0,-1.4368391533463425
User_888,57.0,75.0,601.0565927732282,98.0,0.9167850758961416
User_889,38.0,73.0,611.5608767440747,97.0,0.826418183482753
User_890,55.0,92.0,678.7652836957424,106.0,1.3082192457532558
User_891,37.0,72.0,674.1100554902057,102.0,1.0806981530392117
User_892,67.0,93.0,178.05995325831037,65.0,-0.7326238158096444
User_893,68.0,78.0,907.5045372545173,126.0,2.295016753511833
User_894,57.0,100.0,436.9142250008702,87.0,0.34570463387609224
User_895,64.0,74.0,705.7068580149402,108.0,1.3966876310839864
User_896,55.0,74.0,104.59188337299145,56.0,-1.2202772959622388
User_897,55.0,83.0,671.7234044111667,105.0,1.2379324090244053
User_898,49.0,82.0,557.0785993359892,94.0,0.7044546870121413
User_899,42.0,70.0,174.2523125675271,60.0,-1.013316465567606
User_900,46.0,69.0,92.49733599273358,53.0,-1.3317706198116874
User_901,65.0,82.0,309.89677089566885,75.0,-0.24629142527519943
User_902,56.0,90.0,408.7710471558725,83.0,0.17093256629079875
User_903,42.0,69.0,132.3131159707379,56.0,-1.1942354775917954
User_904,57.0,91.0,302.4372116948927,75.0,-0.26157929896112253
User_905,52.0,58.0,70.29717199256432,51.0,-1.4522193829412584
User_906,39.0,49.0,284.6587518451482,67.0,-0.6691041830289566
User_907,56.0,70.0,19.717905334424312,48.0,-1.5803740946491112
User_908,39.0,70.0,483.2336675682925,85.0,0.2711076415229245
User_909,38.0,102.0,368.5298671496749,79.0,-0.04772239002811271
User_910,38.0,86.0,123.01591041357494,57.0,-1.1675262542622524
User_911,43.0,56.0,331.58016635807803,72.0,-0.412872305561904
User_912,41.0,69.0,932.8325973740759,124.0,2.1855468438692087
User_913,51.0,82.0,111.54547840115715,57.0,-1.1668907484116486
User_914,33.0,101.0,365.4810985521525,78.0,-0.09948978805045831
User_915,57.0,57.0,249.82589241900283,67.0,-0.6739519307446562
User_916,37.0,84.0,183.94544624111262,62.0,-0.9223124972499889
User_917,46.0,90.0,57.72466811363074,53.0,-1.3716712491844274
User_918,47.0,68.0,102.81225959469587,54.0,-1.2890629563740834
User_919,36.0,82.0,728.0687730050164,107.0,1.3524638990573665
User_920,60.0,77.0,372.4675268608575,79.0,-0.03425565270704579
User_921,61.0,100.0,598.7914044375239,101.0,1.0631313306872678
User_922,61.0,72.0,137.012801529242,59.0,-1.0371855558005878
User_923,69.0,54.0,462.46428463713136,86.0,0.28072121269756856
User_924,41.0,91.0,98.44558550816568,56.0,-1.2233607862606928
User_925,60.0,76.0,299.251522033933,73.0,-0.3491698516298449
User_926,47.0,75.0,307.8972521190201,72.0,-0.38363920130489837
User_927,64.0,74.0,875.5452514097542,122.0,2.1143699168711945
User_928,46.0,77.0,433.8833338461878,83.0,0.14799143684353439
User_929,36.0,66.0,138.0669327201882,56.0,-1.2223941758153463
User_930,50.0,59.0,342.3686945354698,74.0,-0.31312756384175844
User_931,58.0,74.0,717.6643863955564,108.0,1.4009868942282047
User_932,63.0,54.0,270.15582121074067,69.0,-0.5557915067794569
User_933,57.0,66.0,851.7051439506832,118.0,1.9238684191388022
User_934,60.0,72.0,624.6147967704857,100.0,1.01321216501753
User_935,63.0,66.0,464.4205879987869,86.0,0.3069997468903876
User_936,64.0,74.0,366.50341678296024,79.0,-0.03824263044368587
User_937,56.0,72.0,252.36465482624226,68.0,-0.5820586549165638
User_938,62.0,62.0,394.0376939452244,80.0,-0.005149235705210067
User_939,57.0,76.0,368.4131962132829,79.0,-0.0675669111848918
User_940,56.0,94.0,304.30849390434724,75.0,-0.26201045465055406
User_941,57.0,67.0,331.6501870781517,74.0,-0.28380046905378586
User_942,35.0,93.0,632.7324407571015,100.0,0.9953002172086949
User_943,39.0,64.0,395.5429485823176,78.0,-0.11914579214225304
User_944,39.0,54.0,666.3716950811358,100.0,0.97773376549904
User_945,54.0,91.0,150.17323574963694,61.0,-0.931936107848556
User_946,35.0,65.0,826.4191431677147,114.0,1.6776028756830854
User_947,60.0,84.0,216.91341883521542,67.0,-0.6562720596262123
User_948,62.0,71.0,507.76405822218896,90.0,0.5157236471401438
User_949,37.0,72.0,448.8034634695439,82.0,0.11932998356896347
User_950,42.0,95.0,50.05898964547998,52.0,-1.4034076822290609
User_951,67.0,75.0,90.9607133869165,56.0,-1.179940482743687
User_952,34.0,95.0,86.12905156282439,54.0,-1.2988302605240403
User_953,35.0,75.0,875.3343744961077,119.0,1.9360923820228717
User_954,65.0,104.0,545.809119334716,98.0,0.8825972675185945
User_955,51.0,52.0,274.9012916912592,67.0,-0.6337398804748332
User_956,54.0,91.0,789.8312246962096,116.0,1.7818793699866249
User_957,47.0,97.0,577.5509931423526,97.0,0.869111011508119
User_958,36.0,99.0,449.14989831677667,85.0,0.26575778088277874
User_959,58.0,80.0,122.78783810295315,58.0,-1.0898264446062256
User_960,39.0,77.0,20.790791189900865,47.0,-1.638621430433853
User_961,33.0,94.0,142.552105256106,59.0,-1.0720107398156153
User_962,64.0,66.0,427.625786945438,83.0,0.15939313067706146
User_963,33.0,79.0,698.7790878513175,104.0,1.2009923254249462
User_964,47.0,61.0,730.3521835321117,106.0,1.3190987131685932
User_965,36.0,61.0,122.99219827059996,54.0,-1.306735007967741
User_966,33.0,75.0,189.8926639845481,61.0,-0.9711403397378585
User_967,50.0,56.0,250.51040876832553,66.0,-0.7132091336067479
User_968,63.0,74.0,793.2138586300895,115.0,1.7473352788504513
User_969,34.0,101.0,670.1925543026647,104.0,1.192947584954486
User_970,59.0,73.0,474.3331446670676,87.0,0.3653359534962175
User_971,45.0,39.0,172.28336327487324,57.0,-1.1694585220093823
User_972,59.0,78.0,415.2339086709463,83.0,0.1462280820077781
User_973,57.0,76.0,23.236474036666266,49.0,-1.5269083767688227
User_974,47.0,51.0,208.88359524723813,61.0,-0.9439364032611892
User_975,52.0,59.0,413.2425764547138,80.0,-0.00328734688534055
User_976,37.0,85.0,230.94999627133845,65.0,-0.7293627647981629
User_977,48.0,69.0,580.9149075525121,95.0,0.7401067756804383
User_978,61.0,61.0,739.3966621382128,109.0,1.4522099097768457
User_979,58.0,61.0,177.49882859419776,61.0,-0.9462205119606923
User_980,36.0,111.0,381.930733579337,81.0,0.056412640943548954
User_981,41.0,63.0,576.8664020169507,93.0,0.6378768244461699
User_982,54.0,88.0,557.993736195343,95.0,0.7746612675354038
User_983,53.0,70.0,577.712224319134,95.0,0.7550036205363105
User_984,64.0,63.0,953.5230059952754,128.0,2.3762618272795004
User_985,45.0,64.0,440.2170457013045,82.0,0.10177569511194419
User_986,62.0,75.0,347.34941173663776,77.0,-0.137268396100191
User_987,54.0,107.0,238.7459464912416,71.0,-0.47470847292640017
User_988,43.0,83.0,256.3547747338613,68.0,-0.588487451621235
User_989,40.0,101.0,319.7381454058085,75.0,-0.23793460618897208
User_990,46.0,63.0,213.35602533293672,63.0,-0.8549577684590375
User_991,45.0,89.0,734.9159319883573,109.0,1.4701806091832539
User_992,42.0,100.0,29.81327947268765,50.0,-1.479742715925286
User_993,37.0,35.0,123.88287152244396,51.0,-1.4309550311532437
User_994,47.0,71.0,435.5488669428705,83.0,0.1385648871954431
User_995,34.0,80.0,123.35847522073846,55.0,-1.230526322845375
User_996,42.0,67.0,908.1081133869782,121.0,2.072450705109221
User_997,55.0,50.0,247.44875340294456,66.0,-0.7202640298238155
User_998,63.0,90.0,398.6938009237566,83.0,0.17065807171845762
User_999,50.0,61.0,304.54171963675367,71.0,-0.46401283799875187
User_1000,52.0,72.0,708.9317113273434,106.0,1.3196583308025478
